category,warehouse
category1,warehouse68
category2,warehouse48
category3,warehouse117
category4,warehouse96
category5,warehouse68
category6,warehouse22
category7,warehouse6
category8,warehouse46
category9,warehouse6
category10,warehouse83
category11,warehouse68
category12,warehouse131
category13,warehouse101
category14,warehouse68
category15,warehouse71
category16,warehouse46
category17,warehouse21
category18,warehouse68
category19,warehouse68
category20,warehouse26
category21,warehouse139
category22,warehouse68
category23,warehouse136
category24,warehouse21
category25,warehouse68
category26,warehouse46
category27,warehouse69
category28,warehouse46
category29,warehouse16
category30,warehouse24
category31,warehouse89
category32,warehouse121
category33,warehouse21
category34,warehouse59
category35,warehouse129
category36,warehouse62
category37,warehouse82
category38,warehouse86
category39,warehouse68
category40,warehouse111
category41,warehouse108
category42,warehouse109
category43,warehouse121
category44,warehouse121
category45,warehouse46
category46,warehouse46
category47,warehouse47
category48,warehouse88
category49,warehouse46
category50,warehouse47
category51,warehouse46
category52,warehouse90
category53,warehouse42
category54,warehouse101
category55,warehouse88
category56,warehouse46
category57,warehouse131
category58,warehouse79
category59,warehouse68
category60,warehouse27
category61,warehouse47
category62,warehouse53
category63,warehouse26
category64,warehouse68
category65,warehouse95
category66,warehouse68
category67,warehouse68
category68,warehouse111
category69,warehouse110
category70,warehouse68
category71,warehouse46
category72,warehouse43
category73,warehouse52
category74,warehouse68
category75,warehouse68
category76,warehouse68
category77,warehouse59
category78,warehouse68
category79,warehouse66
category80,warehouse96
category81,warehouse68
category82,warehouse93
category83,warehouse70
category84,warehouse40
category85,warehouse17
category86,warehouse62
category87,warehouse52
category88,warehouse95
category89,warehouse81
category90,warehouse71
category91,warehouse81
category92,warehouse97
category93,warehouse129
category94,warehouse66
category95,warehouse20
category96,warehouse110
category97,warehouse137
category98,warehouse68
category99,warehouse107
category100,warehouse22
category101,warehouse68
category102,warehouse130
category103,warehouse1
category104,warehouse61
category105,warehouse68
category106,warehouse13
category107,warehouse89
category108,warehouse68
category109,warehouse24
category110,warehouse68
category111,warehouse68
category112,warehouse68
category113,warehouse68
category114,warehouse48
category115,warehouse27
category116,warehouse68
category117,warehouse68
category118,warehouse46
category119,warehouse138
category120,warehouse79
category121,warehouse46
category122,warehouse62
category123,warehouse68
category124,warehouse96
category125,warehouse68
category126,warehouse95
category127,warehouse98
category128,warehouse8
category129,warehouse7
category130,warehouse13
category131,warehouse110
category132,warehouse68
category133,warehouse25
category134,warehouse125
category135,warehouse58
category136,warehouse69
category137,warehouse28
category138,warehouse46
category139,warehouse13
category140,warehouse68
category141,warehouse116
category142,warehouse1
category143,warehouse117
category144,warehouse68
category145,warehouse68
category146,warehouse91
category147,warehouse20
category148,warehouse53
category149,warehouse52
category150,warehouse68
category151,warehouse43
category152,warehouse69
category153,warehouse13
category154,warehouse69
category155,warehouse68
category156,warehouse68
category157,warehouse46
category158,warehouse129
category159,warehouse42
category160,warehouse83
category161,warehouse74
category162,warehouse14
category163,warehouse68
category164,warehouse132
category165,warehouse69
category166,warehouse79
category167,warehouse98
category168,warehouse68
category169,warehouse80
category170,warehouse86
category171,warehouse46
category172,warehouse68
category173,warehouse111
category174,warehouse68
category175,warehouse68
category176,warehouse68
category177,warehouse68
category178,warehouse68
category179,warehouse17
category180,warehouse68
category181,warehouse68
category182,warehouse80
category183,warehouse121
category184,warehouse107
category185,warehouse121
category186,warehouse80
category187,warehouse24
category188,warehouse25
category189,warehouse68
category190,warehouse28
category191,warehouse125
category192,warehouse65
category193,warehouse66
category194,warehouse65
category195,warehouse117
category196,warehouse80
category197,warehouse108
category198,warehouse129
category199,warehouse68
category200,warehouse135
category201,warehouse68
category202,warehouse14
category203,warehouse80
category204,warehouse68
category205,warehouse90
category206,warehouse86
category207,warehouse68
category208,warehouse61
category209,warehouse25
category210,warehouse87
category211,warehouse93
category212,warehouse68
category213,warehouse132
category214,warehouse99
category215,warehouse68
category216,warehouse65
category217,warehouse94
category218,warehouse27
category219,warehouse45
category220,warehouse68
category221,warehouse28
category222,warehouse68
category223,warehouse136
category224,warehouse49
category225,warehouse60
category226,warehouse97
category227,warehouse118
category228,warehouse68
category229,warehouse24
category230,warehouse68
category231,warehouse110
category232,warehouse82
category233,warehouse130
category234,warehouse68
category235,warehouse65
category236,warehouse46
category237,warehouse118
category238,warehouse88
category239,warehouse129
category240,warehouse21
category241,warehouse43
category242,warehouse17
category243,warehouse84
category244,warehouse59
category245,warehouse20
category246,warehouse47
category247,warehouse69
category248,warehouse129
category249,warehouse130
category250,warehouse16
category251,warehouse26
category252,warehouse74
category253,warehouse69
category254,warehouse18
category255,warehouse68
category256,warehouse46
category257,warehouse68
category258,warehouse68
category259,warehouse99
category260,warehouse135
category261,warehouse68
category262,warehouse85
category263,warehouse45
category264,warehouse68
category265,warehouse68
category266,warehouse29
category267,warehouse46
category268,warehouse45
category269,warehouse43
category270,warehouse68
category271,warehouse68
category272,warehouse98
category273,warehouse46
category274,warehouse70
category275,warehouse46
category276,warehouse17
category277,warehouse68
category278,warehouse68
category279,warehouse22
category280,warehouse49
category281,warehouse46
category282,warehouse16
category283,warehouse14
category284,warehouse68
category285,warehouse96
category286,warehouse21
category287,warehouse69
category288,warehouse94
category289,warehouse68
category290,warehouse68
category291,warehouse84
category292,warehouse68
category293,warehouse137
category294,warehouse48
category295,warehouse68
category296,warehouse79
category297,warehouse46
category298,warehouse68
category299,warehouse91
category300,warehouse68
category301,warehouse68
category302,warehouse70
category303,warehouse87
category304,warehouse42
category305,warehouse68
category306,warehouse5
category307,warehouse69
category308,warehouse27
category309,warehouse68
category310,warehouse130
category311,warehouse68
category312,warehouse68
category313,warehouse95
category314,warehouse68
category315,warehouse13
category316,warehouse43
category317,warehouse81
category318,warehouse5
category319,warehouse68
category320,warehouse92
category321,warehouse29
category322,warehouse53
category323,warehouse1
category324,warehouse132
category325,warehouse21
category326,warehouse92
category327,warehouse91
category328,warehouse8
category329,warehouse74
category330,warehouse68
category331,warehouse80
category332,warehouse89
category333,warehouse110
category334,warehouse7
category335,warehouse135
category336,warehouse94
category337,warehouse130
category338,warehouse49
category339,warehouse138
category340,warehouse68
category341,warehouse68
category342,warehouse68
category343,warehouse85
category344,warehouse68
category345,warehouse52
category346,warehouse110
category347,warehouse68
category348,warehouse84
category349,warehouse98
category350,warehouse68
